[{"model": "contenttypes.contenttype", "pk": 1, "fields": {"app_label": "admin", "model": "logentry"}}, {"model": "contenttypes.contenttype", "pk": 2, "fields": {"app_label": "auth", "model": "permission"}}, {"model": "contenttypes.contenttype", "pk": 3, "fields": {"app_label": "auth", "model": "group"}}, {"model": "contenttypes.contenttype", "pk": 4, "fields": {"app_label": "auth", "model": "user"}}, {"model": "contenttypes.contenttype", "pk": 5, "fields": {"app_label": "contenttypes", "model": "contenttype"}}, {"model": "contenttypes.contenttype", "pk": 6, "fields": {"app_label": "sessions", "model": "session"}}, {"model": "contenttypes.contenttype", "pk": 7, "fields": {"app_label": "catho", "model": "eventplanner"}}, {"model": "contenttypes.contenttype", "pk": 8, "fields": {"app_label": "catho", "model": "city"}}, {"model": "contenttypes.contenttype", "pk": 9, "fields": {"app_label": "catho", "model": "note"}}, {"model": "contenttypes.contenttype", "pk": 10, "fields": {"app_label": "catho", "model": "eventtype"}}, {"model": "contenttypes.contenttype", "pk": 11, "fields": {"app_label": "catho", "model": "event"}}, {"model": "contenttypes.contenttype", "pk": 12, "fields": {"app_label": "catho", "model": "occurrence"}}, {"model": "contenttypes.contenttype", "pk": 13, "fields": {"app_label": "easy_maps", "model": "address"}}, {"model": "sessions.session", "pk": "02md49px6n3hlpogw1oyi23xxjuddsii", "fields": {"session_data": "NjRlM2I4YTYwOGYwZGI0NWM0ZTg2NjI3NzQyYjA5ODRkNzUxYTUwZTp7Il9hdXRoX3VzZXJfaGFzaCI6IjNiYzM3ZDkzNGYxNjljY2YxNGM5Y2VlN2Q0ZmQxNWQyZjFlMzFhMzAiLCJfYXV0aF91c2VyX2JhY2tlbmQiOiJkamFuZ28uY29udHJpYi5hdXRoLmJhY2tlbmRzLk1vZGVsQmFja2VuZCIsIl9hdXRoX3VzZXJfaWQiOiIxIn0=", "expire_date": "2016-04-06T13:13:50.777"}}, {"model": "sessions.session", "pk": "feccc771rlri418o0ni97yvai9iha95r", "fields": {"session_data": "ZGEzYzkyNDU2MTExZDEzNGIxYzdkOTEzNmI3MGMxYmM1MzZjYTA1ZDp7Il9hdXRoX3VzZXJfaGFzaCI6IjliYWRiNjNiMDJhMzI2MjViNTUwZGM5NzE5OGFkMWJjNWU1YjQ2MTUiLCJfYXV0aF91c2VyX2JhY2tlbmQiOiJkamFuZ28uY29udHJpYi5hdXRoLmJhY2tlbmRzLk1vZGVsQmFja2VuZCIsIl9hdXRoX3VzZXJfaWQiOiIyIn0=", "expire_date": "2016-04-21T19:03:05.929"}}, {"model": "catho.city", "pk": 1, "fields": {"city_name": "Paris"}}, {"model": "catho.eventtype", "pk": 1, "fields": {"label": "Conf\u00e9rence", "image": "event_types/conf-icone_XXhaEzg.png"}}, {"model": "catho.eventtype", "pk": 2, "fields": {"label": "Groupe de pri\u00e8re", "image": "event_types/groupepriere1_a3rj4p4.jpg"}}, {"model": "catho.event", "pk": 1, "fields": {"title": "Groupe de pri\u00e8re du chemin neuf", "description": "mklmkjmjk", "event_type": 2, "image": "events/chemin_neuf_03Wj2nr.gif", "price": 0, "city": 1, "address": "non precis\u00e9", "event_planner": null}}, {"model": "catho.event", "pk": 2, "fields": {"title": "Conf\u00e9rence Laurent Gay sur l'addiction", "description": "jmjklmjklmjklm", "event_type": 1, "image": "events/LAURENT-GAY_OjarlRt.png", "price": 0, "city": 1, "address": "14 rue des \u00e9coles paris", "event_planner": null}}, {"model": "catho.event", "pk": 7, "fields": {"title": "Conf\u00e9rence Laurent Gay sur l'addiction", "description": "Ceci est une grandiose modification", "event_type": 1, "image": "events/LAURENT-GAY_AgWogRI.png", "price": 0, "city": 1, "address": "non precis\u00e9", "event_planner": 1}}, {"model": "catho.event", "pk": 8, "fields": {"title": "conf\u00e9rence Mgr XXIII", "description": "Conf\u00e9rence trop bien", "event_type": 1, "image": "events/mgr_23_00Vdlu3.jpg", "price": 0, "city": 1, "address": "non precis\u00e9", "event_planner": 1}}, {"model": "catho.event", "pk": 9, "fields": {"title": "Essai de JBP", "description": "Essai de JBP", "event_type": 1, "image": "events/jb_o83bUIg.jpg", "price": 0, "city": 1, "address": "non precis\u00e9", "event_planner": null}}, {"model": "catho.event", "pk": 10, "fields": {"title": "Essai de JBP", "description": "Essai de JBP", "event_type": 1, "image": "events/jb_R6jc4Tt.jpg", "price": 0, "city": 1, "address": "non precis\u00e9", "event_planner": 1}}, {"model": "catho.event", "pk": 11, "fields": {"title": "Groupe de priere du chemin neuf", "description": "trucmuch", "event_type": 2, "image": "events/nuit_eglise_29Co3Vt.jpg", "price": 0, "city": 1, "address": "non precis\u00e9", "event_planner": 2}}, {"model": "catho.event", "pk": 12, "fields": {"title": "Maraudes avec la croix rouge", "description": "tryhteyrt", "event_type": 2, "image": "events/JMJ_ggH52UO.png", "price": 0, "city": 1, "address": "non precis\u00e9", "event_planner": 2}}, {"model": "catho.event", "pk": 13, "fields": {"title": "Conf\u00e9rence sur les Croisades", "description": "Conf\u00e9rence sur les Croisades par l'historien XXXXX.", "event_type": 1, "image": "events/star_gold-icon_rWF9HDu.png", "price": 0, "city": 1, "address": "Facult\u00e9 de la Sorbonne", "event_planner": 8}}, {"model": "catho.event", "pk": 14, "fields": {"title": "Groupe de pri\u00e8re du chemin neuf", "description": "t\"ttey", "event_type": 1, "image": "events/jb_ldhYoNs.jpg", "price": 0, "city": 1, "address": "non precis\u00e9", "event_planner": null}}, {"model": "catho.event", "pk": 15, "fields": {"title": "machin", "description": "gzegzehhtre", "event_type": 1, "image": "events/jb_8uyb9iz.jpg", "price": 0, "city": 1, "address": "non precis\u00e9", "event_planner": null}}, {"model": "catho.event", "pk": 16, "fields": {"title": "ghhdrgh", "description": "hdfhdg", "event_type": 1, "image": "events/jb_GqVT4O9.jpg", "price": 0, "city": 1, "address": "non precis\u00e9", "event_planner": null}}, {"model": "catho.event", "pk": 18, "fields": {"title": "gergze", "description": "gzergzeg zge", "event_type": 1, "image": "events/groupepriere1_VyfWRPd.jpg", "price": 0, "city": 1, "address": "non precis\u00e9", "event_planner": 2}}, {"model": "catho.event", "pk": 19, "fields": {"title": "Greqg", "description": "gsgjhrtujer", "event_type": 1, "image": "events/LAURENT-GAY_uD4VhAR.png", "price": 0, "city": 1, "address": "7 rue perronet 75007 paris", "event_planner": 2}}, {"model": "catho.occurrence", "pk": 1, "fields": {"start_time": "2016-03-24T13:00:00", "end_time": "2016-03-24T19:00:00", "event": 1, "is_multiple": false}}, {"model": "catho.occurrence", "pk": 2, "fields": {"start_time": "2016-03-23T14:00:00", "end_time": "2016-03-23T16:00:00", "event": 2, "is_multiple": true}}, {"model": "catho.occurrence", "pk": 3, "fields": {"start_time": "2016-03-24T14:00:00", "end_time": "2016-03-24T16:00:00", "event": 2, "is_multiple": true}}, {"model": "catho.occurrence", "pk": 4, "fields": {"start_time": "2016-03-26T14:00:00", "end_time": "2016-03-26T16:00:00", "event": 2, "is_multiple": true}}, {"model": "catho.occurrence", "pk": 5, "fields": {"start_time": "2016-03-30T14:00:00", "end_time": "2016-03-30T16:00:00", "event": 2, "is_multiple": true}}, {"model": "catho.occurrence", "pk": 6, "fields": {"start_time": "2016-03-31T14:00:00", "end_time": "2016-03-31T16:00:00", "event": 2, "is_multiple": true}}, {"model": "catho.occurrence", "pk": 7, "fields": {"start_time": "2016-04-02T14:00:00", "end_time": "2016-04-02T16:00:00", "event": 2, "is_multiple": true}}, {"model": "catho.occurrence", "pk": 8, "fields": {"start_time": "2016-04-06T14:00:00", "end_time": "2016-04-06T16:00:00", "event": 2, "is_multiple": true}}, {"model": "catho.occurrence", "pk": 9, "fields": {"start_time": "2016-04-07T14:00:00", "end_time": "2016-04-07T16:00:00", "event": 2, "is_multiple": true}}, {"model": "catho.occurrence", "pk": 10, "fields": {"start_time": "2016-04-09T14:00:00", "end_time": "2016-04-09T16:00:00", "event": 2, "is_multiple": true}}, {"model": "catho.occurrence", "pk": 11, "fields": {"start_time": "2016-04-13T14:00:00", "end_time": "2016-04-13T16:00:00", "event": 2, "is_multiple": true}}, {"model": "catho.occurrence", "pk": 12, "fields": {"start_time": "2016-04-14T14:00:00", "end_time": "2016-04-14T16:00:00", "event": 2, "is_multiple": true}}, {"model": "catho.occurrence", "pk": 13, "fields": {"start_time": "2016-04-16T14:00:00", "end_time": "2016-04-16T16:00:00", "event": 2, "is_multiple": true}}, {"model": "catho.occurrence", "pk": 14, "fields": {"start_time": "2016-04-20T14:00:00", "end_time": "2016-04-20T16:00:00", "event": 2, "is_multiple": true}}, {"model": "catho.occurrence", "pk": 15, "fields": {"start_time": "2016-04-21T14:00:00", "end_time": "2016-04-21T16:00:00", "event": 2, "is_multiple": true}}, {"model": "catho.occurrence", "pk": 16, "fields": {"start_time": "2016-04-23T14:00:00", "end_time": "2016-04-23T16:00:00", "event": 2, "is_multiple": true}}, {"model": "catho.occurrence", "pk": 17, "fields": {"start_time": "2016-04-27T14:00:00", "end_time": "2016-04-27T16:00:00", "event": 2, "is_multiple": true}}, {"model": "catho.occurrence", "pk": 18, "fields": {"start_time": "2016-04-28T14:00:00", "end_time": "2016-04-28T16:00:00", "event": 2, "is_multiple": true}}, {"model": "catho.occurrence", "pk": 19, "fields": {"start_time": "2016-04-30T14:00:00", "end_time": "2016-04-30T16:00:00", "event": 2, "is_multiple": true}}, {"model": "catho.occurrence", "pk": 20, "fields": {"start_time": "2016-05-04T14:00:00", "end_time": "2016-05-04T16:00:00", "event": 2, "is_multiple": true}}, {"model": "catho.occurrence", "pk": 21, "fields": {"start_time": "2016-05-05T14:00:00", "end_time": "2016-05-05T16:00:00", "event": 2, "is_multiple": true}}, {"model": "catho.occurrence", "pk": 22, "fields": {"start_time": "2016-05-07T14:00:00", "end_time": "2016-05-07T16:00:00", "event": 2, "is_multiple": true}}, {"model": "catho.occurrence", "pk": 23, "fields": {"start_time": "2016-05-11T14:00:00", "end_time": "2016-05-11T16:00:00", "event": 2, "is_multiple": true}}, {"model": "catho.occurrence", "pk": 24, "fields": {"start_time": "2016-05-12T14:00:00", "end_time": "2016-05-12T16:00:00", "event": 2, "is_multiple": true}}, {"model": "catho.occurrence", "pk": 25, "fields": {"start_time": "2016-05-14T14:00:00", "end_time": "2016-05-14T16:00:00", "event": 2, "is_multiple": true}}, {"model": "catho.occurrence", "pk": 26, "fields": {"start_time": "2016-05-18T14:00:00", "end_time": "2016-05-18T16:00:00", "event": 2, "is_multiple": true}}, {"model": "catho.occurrence", "pk": 27, "fields": {"start_time": "2016-05-19T14:00:00", "end_time": "2016-05-19T16:00:00", "event": 2, "is_multiple": true}}, {"model": "catho.occurrence", "pk": 28, "fields": {"start_time": "2016-05-21T14:00:00", "end_time": "2016-05-21T16:00:00", "event": 2, "is_multiple": true}}, {"model": "catho.occurrence", "pk": 29, "fields": {"start_time": "2016-05-25T14:00:00", "end_time": "2016-05-25T16:00:00", "event": 2, "is_multiple": true}}, {"model": "catho.occurrence", "pk": 30, "fields": {"start_time": "2016-05-26T14:00:00", "end_time": "2016-05-26T16:00:00", "event": 2, "is_multiple": true}}, {"model": "catho.occurrence", "pk": 31, "fields": {"start_time": "2016-05-28T14:00:00", "end_time": "2016-05-28T16:00:00", "event": 2, "is_multiple": true}}, {"model": "catho.occurrence", "pk": 32, "fields": {"start_time": "2016-06-01T14:00:00", "end_time": "2016-06-01T16:00:00", "event": 2, "is_multiple": true}}, {"model": "catho.occurrence", "pk": 33, "fields": {"start_time": "2016-06-02T14:00:00", "end_time": "2016-06-02T16:00:00", "event": 2, "is_multiple": true}}, {"model": "catho.occurrence", "pk": 34, "fields": {"start_time": "2016-06-04T14:00:00", "end_time": "2016-06-04T16:00:00", "event": 2, "is_multiple": true}}, {"model": "catho.occurrence", "pk": 35, "fields": {"start_time": "2016-06-08T14:00:00", "end_time": "2016-06-08T16:00:00", "event": 2, "is_multiple": true}}, {"model": "catho.occurrence", "pk": 36, "fields": {"start_time": "2016-06-09T14:00:00", "end_time": "2016-06-09T16:00:00", "event": 2, "is_multiple": true}}, {"model": "catho.occurrence", "pk": 37, "fields": {"start_time": "2016-06-11T14:00:00", "end_time": "2016-06-11T16:00:00", "event": 2, "is_multiple": true}}, {"model": "catho.occurrence", "pk": 38, "fields": {"start_time": "2016-06-15T14:00:00", "end_time": "2016-06-15T16:00:00", "event": 2, "is_multiple": true}}, {"model": "catho.occurrence", "pk": 39, "fields": {"start_time": "2016-06-16T14:00:00", "end_time": "2016-06-16T16:00:00", "event": 2, "is_multiple": true}}, {"model": "catho.occurrence", "pk": 40, "fields": {"start_time": "2016-06-18T14:00:00", "end_time": "2016-06-18T16:00:00", "event": 2, "is_multiple": true}}, {"model": "catho.occurrence", "pk": 41, "fields": {"start_time": "2016-06-22T14:00:00", "end_time": "2016-06-22T16:00:00", "event": 2, "is_multiple": true}}, {"model": "catho.occurrence", "pk": 42, "fields": {"start_time": "2016-06-23T14:00:00", "end_time": "2016-06-23T16:00:00", "event": 2, "is_multiple": true}}, {"model": "catho.occurrence", "pk": 43, "fields": {"start_time": "2016-06-25T14:00:00", "end_time": "2016-06-25T16:00:00", "event": 2, "is_multiple": true}}, {"model": "catho.occurrence", "pk": 44, "fields": {"start_time": "2016-06-29T14:00:00", "end_time": "2016-06-29T16:00:00", "event": 2, "is_multiple": true}}, {"model": "catho.occurrence", "pk": 45, "fields": {"start_time": "2016-06-30T14:00:00", "end_time": "2016-06-30T16:00:00", "event": 2, "is_multiple": true}}, {"model": "catho.occurrence", "pk": 46, "fields": {"start_time": "2016-07-02T14:00:00", "end_time": "2016-07-02T16:00:00", "event": 2, "is_multiple": true}}, {"model": "catho.occurrence", "pk": 47, "fields": {"start_time": "2016-07-06T14:00:00", "end_time": "2016-07-06T16:00:00", "event": 2, "is_multiple": true}}, {"model": "catho.occurrence", "pk": 48, "fields": {"start_time": "2016-07-07T14:00:00", "end_time": "2016-07-07T16:00:00", "event": 2, "is_multiple": true}}, {"model": "catho.occurrence", "pk": 49, "fields": {"start_time": "2016-07-09T14:00:00", "end_time": "2016-07-09T16:00:00", "event": 2, "is_multiple": true}}, {"model": "catho.occurrence", "pk": 50, "fields": {"start_time": "2016-07-13T14:00:00", "end_time": "2016-07-13T16:00:00", "event": 2, "is_multiple": true}}, {"model": "catho.occurrence", "pk": 51, "fields": {"start_time": "2016-07-14T14:00:00", "end_time": "2016-07-14T16:00:00", "event": 2, "is_multiple": true}}, {"model": "catho.occurrence", "pk": 52, "fields": {"start_time": "2016-07-16T14:00:00", "end_time": "2016-07-16T16:00:00", "event": 2, "is_multiple": true}}, {"model": "catho.occurrence", "pk": 53, "fields": {"start_time": "2016-07-20T14:00:00", "end_time": "2016-07-20T16:00:00", "event": 2, "is_multiple": true}}, {"model": "catho.occurrence", "pk": 54, "fields": {"start_time": "2016-07-21T14:00:00", "end_time": "2016-07-21T16:00:00", "event": 2, "is_multiple": true}}, {"model": "catho.occurrence", "pk": 55, "fields": {"start_time": "2016-07-23T14:00:00", "end_time": "2016-07-23T16:00:00", "event": 2, "is_multiple": true}}, {"model": "catho.occurrence", "pk": 56, "fields": {"start_time": "2016-07-27T14:00:00", "end_time": "2016-07-27T16:00:00", "event": 2, "is_multiple": true}}, {"model": "catho.occurrence", "pk": 57, "fields": {"start_time": "2016-07-28T14:00:00", "end_time": "2016-07-28T16:00:00", "event": 2, "is_multiple": true}}, {"model": "catho.occurrence", "pk": 58, "fields": {"start_time": "2016-07-30T14:00:00", "end_time": "2016-07-30T16:00:00", "event": 2, "is_multiple": true}}, {"model": "catho.occurrence", "pk": 59, "fields": {"start_time": "2016-08-03T14:00:00", "end_time": "2016-08-03T16:00:00", "event": 2, "is_multiple": true}}, {"model": "catho.occurrence", "pk": 60, "fields": {"start_time": "2016-08-04T14:00:00", "end_time": "2016-08-04T16:00:00", "event": 2, "is_multiple": true}}, {"model": "catho.occurrence", "pk": 61, "fields": {"start_time": "2016-08-06T14:00:00", "end_time": "2016-08-06T16:00:00", "event": 2, "is_multiple": true}}, {"model": "catho.occurrence", "pk": 62, "fields": {"start_time": "2016-08-10T14:00:00", "end_time": "2016-08-10T16:00:00", "event": 2, "is_multiple": true}}, {"model": "catho.occurrence", "pk": 63, "fields": {"start_time": "2016-08-11T14:00:00", "end_time": "2016-08-11T16:00:00", "event": 2, "is_multiple": true}}, {"model": "catho.occurrence", "pk": 64, "fields": {"start_time": "2016-08-13T14:00:00", "end_time": "2016-08-13T16:00:00", "event": 2, "is_multiple": true}}, {"model": "catho.occurrence", "pk": 65, "fields": {"start_time": "2016-08-17T14:00:00", "end_time": "2016-08-17T16:00:00", "event": 2, "is_multiple": true}}, {"model": "catho.occurrence", "pk": 66, "fields": {"start_time": "2016-08-18T14:00:00", "end_time": "2016-08-18T16:00:00", "event": 2, "is_multiple": true}}, {"model": "catho.occurrence", "pk": 67, "fields": {"start_time": "2016-08-20T14:00:00", "end_time": "2016-08-20T16:00:00", "event": 2, "is_multiple": true}}, {"model": "catho.occurrence", "pk": 68, "fields": {"start_time": "2016-08-24T14:00:00", "end_time": "2016-08-24T16:00:00", "event": 2, "is_multiple": true}}, {"model": "catho.occurrence", "pk": 69, "fields": {"start_time": "2016-08-25T14:00:00", "end_time": "2016-08-25T16:00:00", "event": 2, "is_multiple": true}}, {"model": "catho.occurrence", "pk": 70, "fields": {"start_time": "2016-08-27T14:00:00", "end_time": "2016-08-27T16:00:00", "event": 2, "is_multiple": true}}, {"model": "catho.occurrence", "pk": 71, "fields": {"start_time": "2016-08-31T14:00:00", "end_time": "2016-08-31T16:00:00", "event": 2, "is_multiple": true}}, {"model": "catho.occurrence", "pk": 72, "fields": {"start_time": "2016-09-01T14:00:00", "end_time": "2016-09-01T16:00:00", "event": 2, "is_multiple": true}}, {"model": "catho.occurrence", "pk": 73, "fields": {"start_time": "2016-09-03T14:00:00", "end_time": "2016-09-03T16:00:00", "event": 2, "is_multiple": true}}, {"model": "catho.occurrence", "pk": 74, "fields": {"start_time": "2016-09-07T14:00:00", "end_time": "2016-09-07T16:00:00", "event": 2, "is_multiple": true}}, {"model": "catho.occurrence", "pk": 75, "fields": {"start_time": "2016-09-08T14:00:00", "end_time": "2016-09-08T16:00:00", "event": 2, "is_multiple": true}}, {"model": "catho.occurrence", "pk": 76, "fields": {"start_time": "2016-09-10T14:00:00", "end_time": "2016-09-10T16:00:00", "event": 2, "is_multiple": true}}, {"model": "catho.occurrence", "pk": 77, "fields": {"start_time": "2016-09-14T14:00:00", "end_time": "2016-09-14T16:00:00", "event": 2, "is_multiple": true}}, {"model": "catho.occurrence", "pk": 78, "fields": {"start_time": "2016-09-15T14:00:00", "end_time": "2016-09-15T16:00:00", "event": 2, "is_multiple": true}}, {"model": "catho.occurrence", "pk": 79, "fields": {"start_time": "2016-09-17T14:00:00", "end_time": "2016-09-17T16:00:00", "event": 2, "is_multiple": true}}, {"model": "catho.occurrence", "pk": 80, "fields": {"start_time": "2016-09-21T14:00:00", "end_time": "2016-09-21T16:00:00", "event": 2, "is_multiple": true}}, {"model": "catho.occurrence", "pk": 81, "fields": {"start_time": "2016-09-22T14:00:00", "end_time": "2016-09-22T16:00:00", "event": 2, "is_multiple": true}}, {"model": "catho.occurrence", "pk": 82, "fields": {"start_time": "2016-09-24T14:00:00", "end_time": "2016-09-24T16:00:00", "event": 2, "is_multiple": true}}, {"model": "catho.occurrence", "pk": 83, "fields": {"start_time": "2016-09-28T14:00:00", "end_time": "2016-09-28T16:00:00", "event": 2, "is_multiple": true}}, {"model": "catho.occurrence", "pk": 84, "fields": {"start_time": "2016-09-29T14:00:00", "end_time": "2016-09-29T16:00:00", "event": 2, "is_multiple": true}}, {"model": "catho.occurrence", "pk": 85, "fields": {"start_time": "2016-10-01T14:00:00", "end_time": "2016-10-01T16:00:00", "event": 2, "is_multiple": true}}, {"model": "catho.occurrence", "pk": 86, "fields": {"start_time": "2016-10-05T14:00:00", "end_time": "2016-10-05T16:00:00", "event": 2, "is_multiple": true}}, {"model": "catho.occurrence", "pk": 87, "fields": {"start_time": "2016-10-06T14:00:00", "end_time": "2016-10-06T16:00:00", "event": 2, "is_multiple": true}}, {"model": "catho.occurrence", "pk": 88, "fields": {"start_time": "2016-10-08T14:00:00", "end_time": "2016-10-08T16:00:00", "event": 2, "is_multiple": true}}, {"model": "catho.occurrence", "pk": 159, "fields": {"start_time": "2016-04-03T14:00:00", "end_time": "2016-04-03T16:00:00", "event": 7, "is_multiple": true}}, {"model": "catho.occurrence", "pk": 160, "fields": {"start_time": "2016-04-06T14:00:00", "end_time": "2016-04-06T16:00:00", "event": 7, "is_multiple": true}}, {"model": "catho.occurrence", "pk": 162, "fields": {"start_time": "2016-04-10T14:00:00", "end_time": "2016-04-10T16:00:00", "event": 7, "is_multiple": true}}, {"model": "catho.occurrence", "pk": 164, "fields": {"start_time": "2016-04-15T14:00:00", "end_time": "2016-04-15T16:00:00", "event": 7, "is_multiple": true}}, {"model": "catho.occurrence", "pk": 165, "fields": {"start_time": "2016-04-17T14:00:00", "end_time": "2016-04-17T16:00:00", "event": 7, "is_multiple": true}}, {"model": "catho.occurrence", "pk": 166, "fields": {"start_time": "2016-04-20T14:00:00", "end_time": "2016-04-20T16:00:00", "event": 7, "is_multiple": true}}, {"model": "catho.occurrence", "pk": 167, "fields": {"start_time": "2016-04-22T14:00:00", "end_time": "2016-04-22T16:00:00", "event": 7, "is_multiple": true}}, {"model": "catho.occurrence", "pk": 168, "fields": {"start_time": "2016-04-24T14:00:00", "end_time": "2016-04-24T16:00:00", "event": 7, "is_multiple": true}}, {"model": "catho.occurrence", "pk": 170, "fields": {"start_time": "2016-04-29T14:00:00", "end_time": "2016-04-29T16:00:00", "event": 7, "is_multiple": true}}, {"model": "catho.occurrence", "pk": 171, "fields": {"start_time": "2016-05-01T14:00:00", "end_time": "2016-05-01T16:00:00", "event": 7, "is_multiple": true}}, {"model": "catho.occurrence", "pk": 172, "fields": {"start_time": "2016-05-04T14:00:00", "end_time": "2016-05-04T16:00:00", "event": 7, "is_multiple": true}}, {"model": "catho.occurrence", "pk": 173, "fields": {"start_time": "2016-05-06T14:00:00", "end_time": "2016-05-06T16:00:00", "event": 7, "is_multiple": true}}, {"model": "catho.occurrence", "pk": 175, "fields": {"start_time": "2016-05-11T14:00:00", "end_time": "2016-05-11T16:00:00", "event": 7, "is_multiple": true}}, {"model": "catho.occurrence", "pk": 176, "fields": {"start_time": "2016-05-13T14:00:00", "end_time": "2016-05-13T16:00:00", "event": 7, "is_multiple": true}}, {"model": "catho.occurrence", "pk": 177, "fields": {"start_time": "2016-05-15T14:00:00", "end_time": "2016-05-15T16:00:00", "event": 7, "is_multiple": true}}, {"model": "catho.occurrence", "pk": 178, "fields": {"start_time": "2016-05-18T14:00:00", "end_time": "2016-05-18T16:00:00", "event": 7, "is_multiple": true}}, {"model": "catho.occurrence", "pk": 179, "fields": {"start_time": "2016-05-20T14:00:00", "end_time": "2016-05-20T16:00:00", "event": 7, "is_multiple": true}}, {"model": "catho.occurrence", "pk": 180, "fields": {"start_time": "2016-05-22T14:00:00", "end_time": "2016-05-22T16:00:00", "event": 7, "is_multiple": true}}, {"model": "catho.occurrence", "pk": 181, "fields": {"start_time": "2016-05-25T14:00:00", "end_time": "2016-05-25T16:00:00", "event": 7, "is_multiple": true}}, {"model": "catho.occurrence", "pk": 182, "fields": {"start_time": "2016-05-27T14:00:00", "end_time": "2016-05-27T16:00:00", "event": 7, "is_multiple": true}}, {"model": "catho.occurrence", "pk": 183, "fields": {"start_time": "2016-05-29T14:00:00", "end_time": "2016-05-29T16:00:00", "event": 7, "is_multiple": true}}, {"model": "catho.occurrence", "pk": 184, "fields": {"start_time": "2016-06-01T14:00:00", "end_time": "2016-06-01T16:00:00", "event": 7, "is_multiple": true}}, {"model": "catho.occurrence", "pk": 185, "fields": {"start_time": "2016-06-03T14:00:00", "end_time": "2016-06-03T16:00:00", "event": 7, "is_multiple": true}}, {"model": "catho.occurrence", "pk": 186, "fields": {"start_time": "2016-06-05T14:00:00", "end_time": "2016-06-05T16:00:00", "event": 7, "is_multiple": true}}, {"model": "catho.occurrence", "pk": 187, "fields": {"start_time": "2016-06-08T14:00:00", "end_time": "2016-06-08T16:00:00", "event": 7, "is_multiple": true}}, {"model": "catho.occurrence", "pk": 188, "fields": {"start_time": "2016-06-10T14:00:00", "end_time": "2016-06-10T16:00:00", "event": 7, "is_multiple": true}}, {"model": "catho.occurrence", "pk": 189, "fields": {"start_time": "2016-06-12T14:00:00", "end_time": "2016-06-12T16:00:00", "event": 7, "is_multiple": true}}, {"model": "catho.occurrence", "pk": 190, "fields": {"start_time": "2016-06-15T14:00:00", "end_time": "2016-06-15T16:00:00", "event": 7, "is_multiple": true}}, {"model": "catho.occurrence", "pk": 191, "fields": {"start_time": "2016-06-17T14:00:00", "end_time": "2016-06-17T16:00:00", "event": 7, "is_multiple": true}}, {"model": "catho.occurrence", "pk": 192, "fields": {"start_time": "2016-06-19T14:00:00", "end_time": "2016-06-19T16:00:00", "event": 7, "is_multiple": true}}, {"model": "catho.occurrence", "pk": 193, "fields": {"start_time": "2016-06-22T14:00:00", "end_time": "2016-06-22T16:00:00", "event": 7, "is_multiple": true}}, {"model": "catho.occurrence", "pk": 194, "fields": {"start_time": "2016-06-24T14:00:00", "end_time": "2016-06-24T16:00:00", "event": 7, "is_multiple": true}}, {"model": "catho.occurrence", "pk": 195, "fields": {"start_time": "2016-06-26T14:00:00", "end_time": "2016-06-26T16:00:00", "event": 7, "is_multiple": true}}, {"model": "catho.occurrence", "pk": 196, "fields": {"start_time": "2016-06-29T14:00:00", "end_time": "2016-06-29T16:00:00", "event": 7, "is_multiple": true}}, {"model": "catho.occurrence", "pk": 197, "fields": {"start_time": "2016-07-01T14:00:00", "end_time": "2016-07-01T16:00:00", "event": 7, "is_multiple": true}}, {"model": "catho.occurrence", "pk": 198, "fields": {"start_time": "2016-07-03T14:00:00", "end_time": "2016-07-03T16:00:00", "event": 7, "is_multiple": true}}, {"model": "catho.occurrence", "pk": 199, "fields": {"start_time": "2016-07-06T14:00:00", "end_time": "2016-07-06T16:00:00", "event": 7, "is_multiple": true}}, {"model": "catho.occurrence", "pk": 200, "fields": {"start_time": "2016-07-08T14:00:00", "end_time": "2016-07-08T16:00:00", "event": 7, "is_multiple": true}}, {"model": "catho.occurrence", "pk": 201, "fields": {"start_time": "2016-07-10T14:00:00", "end_time": "2016-07-10T16:00:00", "event": 7, "is_multiple": true}}, {"model": "catho.occurrence", "pk": 202, "fields": {"start_time": "2016-07-13T14:00:00", "end_time": "2016-07-13T16:00:00", "event": 7, "is_multiple": true}}, {"model": "catho.occurrence", "pk": 203, "fields": {"start_time": "2016-07-15T14:00:00", "end_time": "2016-07-15T16:00:00", "event": 7, "is_multiple": true}}, {"model": "catho.occurrence", "pk": 204, "fields": {"start_time": "2016-07-17T14:00:00", "end_time": "2016-07-17T16:00:00", "event": 7, "is_multiple": true}}, {"model": "catho.occurrence", "pk": 205, "fields": {"start_time": "2016-07-20T14:00:00", "end_time": "2016-07-20T16:00:00", "event": 7, "is_multiple": true}}, {"model": "catho.occurrence", "pk": 206, "fields": {"start_time": "2016-07-22T14:00:00", "end_time": "2016-07-22T16:00:00", "event": 7, "is_multiple": true}}, {"model": "catho.occurrence", "pk": 207, "fields": {"start_time": "2016-07-24T14:00:00", "end_time": "2016-07-24T16:00:00", "event": 7, "is_multiple": true}}, {"model": "catho.occurrence", "pk": 208, "fields": {"start_time": "2016-07-27T14:00:00", "end_time": "2016-07-27T16:00:00", "event": 7, "is_multiple": true}}, {"model": "catho.occurrence", "pk": 209, "fields": {"start_time": "2016-07-29T14:00:00", "end_time": "2016-07-29T16:00:00", "event": 7, "is_multiple": true}}, {"model": "catho.occurrence", "pk": 210, "fields": {"start_time": "2016-07-31T14:00:00", "end_time": "2016-07-31T16:00:00", "event": 7, "is_multiple": true}}, {"model": "catho.occurrence", "pk": 211, "fields": {"start_time": "2016-08-03T14:00:00", "end_time": "2016-08-03T16:00:00", "event": 7, "is_multiple": true}}, {"model": "catho.occurrence", "pk": 213, "fields": {"start_time": "2016-08-07T14:00:00", "end_time": "2016-08-07T16:00:00", "event": 7, "is_multiple": true}}, {"model": "catho.occurrence", "pk": 214, "fields": {"start_time": "2016-08-10T14:00:00", "end_time": "2016-08-10T16:00:00", "event": 7, "is_multiple": true}}, {"model": "catho.occurrence", "pk": 215, "fields": {"start_time": "2016-08-12T14:00:00", "end_time": "2016-08-12T16:00:00", "event": 7, "is_multiple": true}}, {"model": "catho.occurrence", "pk": 216, "fields": {"start_time": "2016-08-14T14:00:00", "end_time": "2016-08-14T16:00:00", "event": 7, "is_multiple": true}}, {"model": "catho.occurrence", "pk": 217, "fields": {"start_time": "2016-08-17T14:00:00", "end_time": "2016-08-17T16:00:00", "event": 7, "is_multiple": true}}, {"model": "catho.occurrence", "pk": 219, "fields": {"start_time": "2016-08-21T14:00:00", "end_time": "2016-08-21T16:00:00", "event": 7, "is_multiple": true}}, {"model": "catho.occurrence", "pk": 220, "fields": {"start_time": "2016-08-24T14:00:00", "end_time": "2016-08-24T16:00:00", "event": 7, "is_multiple": true}}, {"model": "catho.occurrence", "pk": 221, "fields": {"start_time": "2016-08-26T14:00:00", "end_time": "2016-08-26T16:00:00", "event": 7, "is_multiple": true}}, {"model": "catho.occurrence", "pk": 222, "fields": {"start_time": "2016-08-28T14:00:00", "end_time": "2016-08-28T16:00:00", "event": 7, "is_multiple": true}}, {"model": "catho.occurrence", "pk": 224, "fields": {"start_time": "2016-09-02T14:00:00", "end_time": "2016-09-02T16:00:00", "event": 7, "is_multiple": true}}, {"model": "catho.occurrence", "pk": 226, "fields": {"start_time": "2016-09-07T14:00:00", "end_time": "2016-09-07T16:00:00", "event": 7, "is_multiple": true}}, {"model": "catho.occurrence", "pk": 227, "fields": {"start_time": "2016-09-09T14:00:00", "end_time": "2016-09-09T16:00:00", "event": 7, "is_multiple": true}}, {"model": "catho.occurrence", "pk": 228, "fields": {"start_time": "2016-09-11T14:00:00", "end_time": "2016-09-11T16:00:00", "event": 7, "is_multiple": true}}, {"model": "catho.occurrence", "pk": 229, "fields": {"start_time": "2016-09-14T14:00:00", "end_time": "2016-09-14T16:00:00", "event": 7, "is_multiple": true}}, {"model": "catho.occurrence", "pk": 230, "fields": {"start_time": "2016-09-16T14:00:00", "end_time": "2016-09-16T16:00:00", "event": 7, "is_multiple": true}}, {"model": "catho.occurrence", "pk": 231, "fields": {"start_time": "2016-09-18T14:00:00", "end_time": "2016-09-18T16:00:00", "event": 7, "is_multiple": true}}, {"model": "catho.occurrence", "pk": 232, "fields": {"start_time": "2016-09-21T14:00:00", "end_time": "2016-09-21T16:00:00", "event": 7, "is_multiple": true}}, {"model": "catho.occurrence", "pk": 233, "fields": {"start_time": "2016-04-21T13:00:00", "end_time": "2016-04-21T22:00:00", "event": 7, "is_multiple": false}}, {"model": "catho.occurrence", "pk": 234, "fields": {"start_time": "2016-04-14T18:00:00", "end_time": "2016-04-14T22:00:00", "event": 7, "is_multiple": false}}, {"model": "catho.occurrence", "pk": 235, "fields": {"start_time": "2016-04-04T13:00:00", "end_time": "2016-04-04T14:00:00", "event": 8, "is_multiple": false}}, {"model": "catho.occurrence", "pk": 237, "fields": {"start_time": "2016-04-03T23:30:00", "end_time": "2016-04-03T23:45:00", "event": 9, "is_multiple": false}}, {"model": "catho.occurrence", "pk": 238, "fields": {"start_time": "2016-04-03T23:30:00", "end_time": "2016-04-03T23:45:00", "event": 10, "is_multiple": false}}, {"model": "catho.occurrence", "pk": 239, "fields": {"start_time": "2016-04-07T13:00:00", "end_time": "2016-04-07T17:00:00", "event": 8, "is_multiple": false}}, {"model": "catho.occurrence", "pk": 241, "fields": {"start_time": "2016-04-08T10:00:00", "end_time": "2016-04-08T11:00:00", "event": 10, "is_multiple": false}}, {"model": "catho.occurrence", "pk": 242, "fields": {"start_time": "2016-04-15T09:00:00", "end_time": "2016-04-15T14:00:00", "event": 11, "is_multiple": false}}, {"model": "catho.occurrence", "pk": 245, "fields": {"start_time": "2016-04-12T09:00:00", "end_time": "2016-04-12T16:00:00", "event": 12, "is_multiple": false}}, {"model": "catho.occurrence", "pk": 248, "fields": {"start_time": "2016-04-08T09:00:00", "end_time": "2016-04-08T17:00:00", "event": 14, "is_multiple": false}}, {"model": "catho.occurrence", "pk": 249, "fields": {"start_time": "2016-04-08T18:00:00", "end_time": "2016-04-08T19:00:00", "event": 15, "is_multiple": false}}, {"model": "catho.occurrence", "pk": 250, "fields": {"start_time": "2016-04-13T04:00:00", "end_time": "2016-04-13T18:00:00", "event": 16, "is_multiple": false}}, {"model": "catho.occurrence", "pk": 252, "fields": {"start_time": "2016-04-08T14:00:00", "end_time": "2016-04-08T16:00:00", "event": 18, "is_multiple": true}}, {"model": "catho.occurrence", "pk": 253, "fields": {"start_time": "2016-04-09T14:00:00", "end_time": "2016-04-09T16:00:00", "event": 18, "is_multiple": true}}, {"model": "catho.occurrence", "pk": 254, "fields": {"start_time": "2016-04-12T14:00:00", "end_time": "2016-04-12T16:00:00", "event": 18, "is_multiple": true}}, {"model": "catho.occurrence", "pk": 255, "fields": {"start_time": "2016-04-13T14:00:00", "end_time": "2016-04-13T16:00:00", "event": 18, "is_multiple": true}}, {"model": "catho.occurrence", "pk": 256, "fields": {"start_time": "2016-04-15T14:00:00", "end_time": "2016-04-15T16:00:00", "event": 18, "is_multiple": true}}, {"model": "catho.occurrence", "pk": 257, "fields": {"start_time": "2016-04-16T14:00:00", "end_time": "2016-04-16T16:00:00", "event": 18, "is_multiple": true}}, {"model": "catho.occurrence", "pk": 258, "fields": {"start_time": "2016-04-19T14:00:00", "end_time": "2016-04-19T16:00:00", "event": 18, "is_multiple": true}}, {"model": "catho.occurrence", "pk": 259, "fields": {"start_time": "2016-04-20T14:00:00", "end_time": "2016-04-20T16:00:00", "event": 18, "is_multiple": true}}, {"model": "catho.occurrence", "pk": 260, "fields": {"start_time": "2016-04-22T14:00:00", "end_time": "2016-04-22T16:00:00", "event": 18, "is_multiple": true}}, {"model": "catho.occurrence", "pk": 261, "fields": {"start_time": "2016-04-23T14:00:00", "end_time": "2016-04-23T16:00:00", "event": 18, "is_multiple": true}}, {"model": "catho.occurrence", "pk": 262, "fields": {"start_time": "2016-04-26T14:00:00", "end_time": "2016-04-26T16:00:00", "event": 18, "is_multiple": true}}, {"model": "catho.occurrence", "pk": 263, "fields": {"start_time": "2016-04-27T14:00:00", "end_time": "2016-04-27T16:00:00", "event": 18, "is_multiple": true}}, {"model": "catho.occurrence", "pk": 264, "fields": {"start_time": "2016-04-29T14:00:00", "end_time": "2016-04-29T16:00:00", "event": 18, "is_multiple": true}}, {"model": "catho.occurrence", "pk": 265, "fields": {"start_time": "2016-04-20T14:00:00", "end_time": "2016-04-20T15:00:00", "event": 19, "is_multiple": false}}, {"model": "catho.occurrence", "pk": 266, "fields": {"start_time": "2016-04-15T18:00:00", "end_time": "2016-04-15T18:15:00", "event": 19, "is_multiple": false}}, {"model": "easy_maps.address", "pk": 1, "fields": {"address": "non precis\u00e9, France", "computed_address": null, "latitude": null, "longitude": null, "geocode_error": false}}, {"model": "easy_maps.address", "pk": 2, "fields": {"address": "14 rue des \u00e9coles paris, France", "computed_address": "14 Rue des \u00c9coles, 75005 Paris, France", "latitude": 48.8485214, "longitude": 2.3492524, "geocode_error": false}}, {"model": "easy_maps.address", "pk": 3, "fields": {"address": "7, rue perronet Paris, France", "computed_address": "7 Rue Perronet, 75007 Paris, France", "latitude": 48.8551187, "longitude": 2.3300575, "geocode_error": false}}, {"model": "easy_maps.address", "pk": 4, "fields": {"address": "Facult\u00e9 de la Sorbonne, France", "computed_address": "Rue de l'Universit\u00e9, Paris, France", "latitude": 48.8609642, "longitude": 2.3153643, "geocode_error": false}}, {"model": "auth.permission", "pk": 1, "fields": {"name": "Can add log entry", "content_type": ["admin", "logentry"], "codename": "add_logentry"}}, {"model": "auth.permission", "pk": 2, "fields": {"name": "Can change log entry", "content_type": ["admin", "logentry"], "codename": "change_logentry"}}, {"model": "auth.permission", "pk": 3, "fields": {"name": "Can delete log entry", "content_type": ["admin", "logentry"], "codename": "delete_logentry"}}, {"model": "auth.permission", "pk": 4, "fields": {"name": "Can add permission", "content_type": ["auth", "permission"], "codename": "add_permission"}}, {"model": "auth.permission", "pk": 5, "fields": {"name": "Can change permission", "content_type": ["auth", "permission"], "codename": "change_permission"}}, {"model": "auth.permission", "pk": 6, "fields": {"name": "Can delete permission", "content_type": ["auth", "permission"], "codename": "delete_permission"}}, {"model": "auth.permission", "pk": 7, "fields": {"name": "Can add group", "content_type": ["auth", "group"], "codename": "add_group"}}, {"model": "auth.permission", "pk": 8, "fields": {"name": "Can change group", "content_type": ["auth", "group"], "codename": "change_group"}}, {"model": "auth.permission", "pk": 9, "fields": {"name": "Can delete group", "content_type": ["auth", "group"], "codename": "delete_group"}}, {"model": "auth.permission", "pk": 10, "fields": {"name": "Can add user", "content_type": ["auth", "user"], "codename": "add_user"}}, {"model": "auth.permission", "pk": 11, "fields": {"name": "Can change user", "content_type": ["auth", "user"], "codename": "change_user"}}, {"model": "auth.permission", "pk": 12, "fields": {"name": "Can delete user", "content_type": ["auth", "user"], "codename": "delete_user"}}, {"model": "auth.permission", "pk": 13, "fields": {"name": "Can add content type", "content_type": ["contenttypes", "contenttype"], "codename": "add_contenttype"}}, {"model": "auth.permission", "pk": 14, "fields": {"name": "Can change content type", "content_type": ["contenttypes", "contenttype"], "codename": "change_contenttype"}}, {"model": "auth.permission", "pk": 15, "fields": {"name": "Can delete content type", "content_type": ["contenttypes", "contenttype"], "codename": "delete_contenttype"}}, {"model": "auth.permission", "pk": 16, "fields": {"name": "Can add session", "content_type": ["sessions", "session"], "codename": "add_session"}}, {"model": "auth.permission", "pk": 17, "fields": {"name": "Can change session", "content_type": ["sessions", "session"], "codename": "change_session"}}, {"model": "auth.permission", "pk": 18, "fields": {"name": "Can delete session", "content_type": ["sessions", "session"], "codename": "delete_session"}}, {"model": "auth.permission", "pk": 19, "fields": {"name": "Can add event planner", "content_type": ["catho", "eventplanner"], "codename": "add_eventplanner"}}, {"model": "auth.permission", "pk": 20, "fields": {"name": "Can change event planner", "content_type": ["catho", "eventplanner"], "codename": "change_eventplanner"}}, {"model": "auth.permission", "pk": 21, "fields": {"name": "Can delete event planner", "content_type": ["catho", "eventplanner"], "codename": "delete_eventplanner"}}, {"model": "auth.permission", "pk": 22, "fields": {"name": "Can add city", "content_type": ["catho", "city"], "codename": "add_city"}}, {"model": "auth.permission", "pk": 23, "fields": {"name": "Can change city", "content_type": ["catho", "city"], "codename": "change_city"}}, {"model": "auth.permission", "pk": 24, "fields": {"name": "Can delete city", "content_type": ["catho", "city"], "codename": "delete_city"}}, {"model": "auth.permission", "pk": 25, "fields": {"name": "Can add note", "content_type": ["catho", "note"], "codename": "add_note"}}, {"model": "auth.permission", "pk": 26, "fields": {"name": "Can change note", "content_type": ["catho", "note"], "codename": "change_note"}}, {"model": "auth.permission", "pk": 27, "fields": {"name": "Can delete note", "content_type": ["catho", "note"], "codename": "delete_note"}}, {"model": "auth.permission", "pk": 28, "fields": {"name": "Can add event type", "content_type": ["catho", "eventtype"], "codename": "add_eventtype"}}, {"model": "auth.permission", "pk": 29, "fields": {"name": "Can change event type", "content_type": ["catho", "eventtype"], "codename": "change_eventtype"}}, {"model": "auth.permission", "pk": 30, "fields": {"name": "Can delete event type", "content_type": ["catho", "eventtype"], "codename": "delete_eventtype"}}, {"model": "auth.permission", "pk": 31, "fields": {"name": "Can add event", "content_type": ["catho", "event"], "codename": "add_event"}}, {"model": "auth.permission", "pk": 32, "fields": {"name": "Can change event", "content_type": ["catho", "event"], "codename": "change_event"}}, {"model": "auth.permission", "pk": 33, "fields": {"name": "Can delete event", "content_type": ["catho", "event"], "codename": "delete_event"}}, {"model": "auth.permission", "pk": 34, "fields": {"name": "Can add occurrence", "content_type": ["catho", "occurrence"], "codename": "add_occurrence"}}, {"model": "auth.permission", "pk": 35, "fields": {"name": "Can change occurrence", "content_type": ["catho", "occurrence"], "codename": "change_occurrence"}}, {"model": "auth.permission", "pk": 36, "fields": {"name": "Can delete occurrence", "content_type": ["catho", "occurrence"], "codename": "delete_occurrence"}}, {"model": "auth.permission", "pk": 37, "fields": {"name": "Can add EasyMaps Address", "content_type": ["easy_maps", "address"], "codename": "add_address"}}, {"model": "auth.permission", "pk": 38, "fields": {"name": "Can change EasyMaps Address", "content_type": ["easy_maps", "address"], "codename": "change_address"}}, {"model": "auth.permission", "pk": 39, "fields": {"name": "Can delete EasyMaps Address", "content_type": ["easy_maps", "address"], "codename": "delete_address"}}, {"model": "auth.user", "pk": 1, "fields": {"password": "pbkdf2_sha256$24000$SUoOm64JZDql$bEiG8Q+oQtddqBb4CE0KhexhfE6FcvDmUhrtW9re/rQ=", "last_login": "2016-03-23T13:13:50.765", "is_superuser": true, "username": "payeur", "first_name": "", "last_name": "", "email": "", "is_staff": true, "is_active": true, "date_joined": "2016-03-23T11:55:26.415", "groups": [], "user_permissions": []}}, {"model": "auth.user", "pk": 2, "fields": {"password": "pbkdf2_sha256$24000$dQHqzQyFi2TJ$AeOExCQi8Ne2RgSXlv7qisr1Tcj/gXKshjMvFauqkrw=", "last_login": "2016-04-07T19:03:05.820", "is_superuser": true, "username": "payeurj", "first_name": "", "last_name": "", "email": "", "is_staff": true, "is_active": true, "date_joined": "2016-04-02T21:16:29.951", "groups": [], "user_permissions": []}}, {"model": "auth.user", "pk": 11, "fields": {"password": "pbkdf2_sha256$24000$0A93t6pE6Kz7$9BcM43GNA+VxnJlCZ7la/hdWef/V+NXbtzYQEGzsfTQ=", "last_login": "2016-04-07T18:32:19.427", "is_superuser": false, "username": "langelot", "first_name": "", "last_name": "", "email": "", "is_staff": false, "is_active": true, "date_joined": "2016-04-07T18:32:18.870", "groups": [], "user_permissions": []}}, {"model": "auth.user", "pk": 12, "fields": {"password": "pbkdf2_sha256$24000$1wp9NcHW2oKI$wKNOJiAul3dyPDqcdB873UzFvqi9OC6aoKe2CAkpukQ=", "last_login": "2016-04-07T18:35:56.362", "is_superuser": false, "username": "Pellereau", "first_name": "", "last_name": "", "email": "", "is_staff": false, "is_active": true, "date_joined": "2016-04-07T18:35:55.746", "groups": [], "user_permissions": []}}, {"model": "auth.user", "pk": 13, "fields": {"password": "pbkdf2_sha256$24000$y3WXiVQ5I9Lo$kHaHA26EKsGFkOyz0PtuxNzg1p9+k4hAdDaGZTjS51w=", "last_login": "2016-04-07T19:02:29.592", "is_superuser": false, "username": "langelot23", "first_name": "", "last_name": "", "email": "", "is_staff": false, "is_active": true, "date_joined": "2016-04-07T19:02:29.044", "groups": [], "user_permissions": []}}, {"model": "catho.eventplanner", "pk": 1, "fields": {"user": ["payeur"]}}, {"model": "catho.eventplanner", "pk": 2, "fields": {"user": ["payeurj"]}}, {"model": "catho.eventplanner", "pk": 7, "fields": {"user": ["langelot"]}}, {"model": "catho.eventplanner", "pk": 8, "fields": {"user": ["Pellereau"]}}, {"model": "catho.eventplanner", "pk": 9, "fields": {"user": ["langelot23"]}}, {"model": "admin.logentry", "pk": 1, "fields": {"action_time": "2016-03-23T13:14:27.612", "user": ["payeur"], "content_type": ["catho", "eventtype"], "object_id": "1", "object_repr": "Conf\u00e9rence", "action_flag": 1, "change_message": "Ajout."}}, {"model": "admin.logentry", "pk": 2, "fields": {"action_time": "2016-03-23T13:14:37.816", "user": ["payeur"], "content_type": ["catho", "eventtype"], "object_id": "2", "object_repr": "Groupe de pri\u00e8re", "action_flag": 1, "change_message": "Ajout."}}, {"model": "admin.logentry", "pk": 3, "fields": {"action_time": "2016-03-23T13:16:10.129", "user": ["payeur"], "content_type": ["catho", "city"], "object_id": "1", "object_repr": "Paris", "action_flag": 1, "change_message": "Ajout."}}, {"model": "admin.logentry", "pk": 4, "fields": {"action_time": "2016-03-23T13:20:16.800", "user": ["payeur"], "content_type": ["catho", "eventplanner"], "object_id": "1", "object_repr": "EventPlanner is payeur", "action_flag": 1, "change_message": "Ajout."}}, {"model": "admin.logentry", "pk": 5, "fields": {"action_time": "2016-04-02T21:26:59.895", "user": ["payeurj"], "content_type": ["catho", "eventplanner"], "object_id": "2", "object_repr": "user payeurj as event planner", "action_flag": 1, "change_message": ""}}, {"model": "admin.logentry", "pk": 6, "fields": {"action_time": "2016-04-07T18:28:01.722", "user": ["payeurj"], "content_type": ["catho", "eventplanner"], "object_id": "6", "object_repr": "user lalalalalalalala as event planner", "action_flag": 3, "change_message": ""}}, {"model": "admin.logentry", "pk": 7, "fields": {"action_time": "2016-04-07T18:28:01.825", "user": ["payeurj"], "content_type": ["catho", "eventplanner"], "object_id": "5", "object_repr": "user jean-baptiste.payeur as event planner", "action_flag": 3, "change_message": ""}}, {"model": "admin.logentry", "pk": 8, "fields": {"action_time": "2016-04-07T18:28:01.924", "user": ["payeurj"], "content_type": ["catho", "eventplanner"], "object_id": "4", "object_repr": "user jeanbaptistepayeur2 as event planner", "action_flag": 3, "change_message": ""}}, {"model": "admin.logentry", "pk": 9, "fields": {"action_time": "2016-04-07T18:28:02.024", "user": ["payeurj"], "content_type": ["catho", "eventplanner"], "object_id": "3", "object_repr": "user jeanbaptistepayeur as event planner", "action_flag": 3, "change_message": ""}}, {"model": "admin.logentry", "pk": 10, "fields": {"action_time": "2016-04-07T18:28:30.693", "user": ["payeurj"], "content_type": ["auth", "user"], "object_id": "3", "object_repr": "PAYEUR", "action_flag": 3, "change_message": ""}}, {"model": "admin.logentry", "pk": 11, "fields": {"action_time": "2016-04-07T18:28:30.796", "user": ["payeurj"], "content_type": ["auth", "user"], "object_id": "6", "object_repr": "jean-baptiste.payeur", "action_flag": 3, "change_message": ""}}, {"model": "admin.logentry", "pk": 12, "fields": {"action_time": "2016-04-07T18:28:30.895", "user": ["payeurj"], "content_type": ["auth", "user"], "object_id": "4", "object_repr": "jeanbaptistepayeur", "action_flag": 3, "change_message": ""}}, {"model": "admin.logentry", "pk": 13, "fields": {"action_time": "2016-04-07T18:28:30.995", "user": ["payeurj"], "content_type": ["auth", "user"], "object_id": "5", "object_repr": "jeanbaptistepayeur2", "action_flag": 3, "change_message": ""}}, {"model": "admin.logentry", "pk": 14, "fields": {"action_time": "2016-04-07T18:28:31.094", "user": ["payeurj"], "content_type": ["auth", "user"], "object_id": "7", "object_repr": "lalalalala", "action_flag": 3, "change_message": ""}}, {"model": "admin.logentry", "pk": 15, "fields": {"action_time": "2016-04-07T18:28:31.194", "user": ["payeurj"], "content_type": ["auth", "user"], "object_id": "8", "object_repr": "lalalalalala", "action_flag": 3, "change_message": ""}}, {"model": "admin.logentry", "pk": 16, "fields": {"action_time": "2016-04-07T18:28:31.293", "user": ["payeurj"], "content_type": ["auth", "user"], "object_id": "9", "object_repr": "lalalalalalala", "action_flag": 3, "change_message": ""}}, {"model": "admin.logentry", "pk": 17, "fields": {"action_time": "2016-04-07T18:28:31.401", "user": ["payeurj"], "content_type": ["auth", "user"], "object_id": "10", "object_repr": "lalalalalalalala", "action_flag": 3, "change_message": ""}}]